full_date,date_key,year,quarter,quarter_name,month,month_name,month_short,year_month,day_of_month,day_of_week,day_name,day_short,week_of_year,is_weekend,season,holiday_name,is_holiday,is_trading_day
2015-01-01,20150101,2015,1,Q1,1,January,Jan,2015-01,1,4,Thursday,Thu,1,False,Winter,New Year's Day,True,True
2015-01-02,20150102,2015,1,Q1,1,January,Jan,2015-01,2,5,Friday,Fri,1,False,Winter,,False,True
2015-01-03,20150103,2015,1,Q1,1,January,Jan,2015-01,3,6,Saturday,Sat,1,True,Winter,,False,True
2015-01-04,20150104,2015,1,Q1,1,January,Jan,2015-01,4,7,Sunday,Sun,1,True,Winter,,False,True
2015-01-05,20150105,2015,1,Q1,1,January,Jan,2015-01,5,1,Monday,Mon,2,False,Winter,,False,True
2015-01-06,20150106,2015,1,Q1,1,January,Jan,2015-01,6,2,Tuesday,Tue,2,False,Winter,,False,True
2015-01-07,20150107,2015,1,Q1,1,January,Jan,2015-01,7,3,Wednesday,Wed,2,False,Winter,,False,True
2015-01-08,20150108,2015,1,Q1,1,January,Jan,2015-01,8,4,Thursday,Thu,2,False,Winter,,False,True
2015-01-09,20150109,2015,1,Q1,1,January,Jan,2015-01,9,5,Friday,Fri,2,False,Winter,,False,True
2015-01-10,20150110,2015,1,Q1,1,January,Jan,2015-01,10,6,Saturday,Sat,2,True,Winter,,False,True
2015-01-11,20150111,2015,1,Q1,1,January,Jan,2015-01,11,7,Sunday,Sun,2,True,Winter,,False,True
2015-01-12,20150112,2015,1,Q1,1,January,Jan,2015-01,12,1,Monday,Mon,3,False,Winter,,False,True
2015-01-13,20150113,2015,1,Q1,1,January,Jan,2015-01,13,2,Tuesday,Tue,3,False,Winter,,False,True
2015-01-14,20150114,2015,1,Q1,1,January,Jan,2015-01,14,3,Wednesday,Wed,3,False,Winter,,False,True
2015-01-15,20150115,2015,1,Q1,1,January,Jan,2015-01,15,4,Thursday,Thu,3,False,Winter,,False,True
2015-01-16,20150116,2015,1,Q1,1,January,Jan,2015-01,16,5,Friday,Fri,3,False,Winter,,False,True
2015-01-17,20150117,2015,1,Q1,1,January,Jan,2015-01,17,6,Saturday,Sat,3,True,Winter,,False,True
2015-01-18,20150118,2015,1,Q1,1,January,Jan,2015-01,18,7,Sunday,Sun,3,True,Winter,,False,True
2015-01-19,20150119,2015,1,Q1,1,January,Jan,2015-01,19,1,Monday,Mon,4,False,Winter,"Martin Luther King, Jr. Day",True,True
2015-01-20,20150120,2015,1,Q1,1,January,Jan,2015-01,20,2,Tuesday,Tue,4,False,Winter,,False,True
2015-01-21,20150121,2015,1,Q1,1,January,Jan,2015-01,21,3,Wednesday,Wed,4,False,Winter,,False,True
2015-01-22,20150122,2015,1,Q1,1,January,Jan,2015-01,22,4,Thursday,Thu,4,False,Winter,,False,True
2015-01-23,20150123,2015,1,Q1,1,January,Jan,2015-01,23,5,Friday,Fri,4,False,Winter,,False,True
2015-01-24,20150124,2015,1,Q1,1,January,Jan,2015-01,24,6,Saturday,Sat,4,True,Winter,,False,True
2015-01-25,20150125,2015,1,Q1,1,January,Jan,2015-01,25,7,Sunday,Sun,4,True,Winter,,False,True
2015-01-26,20150126,2015,1,Q1,1,January,Jan,2015-01,26,1,Monday,Mon,5,False,Winter,,False,True
2015-01-27,20150127,2015,1,Q1,1,January,Jan,2015-01,27,2,Tuesday,Tue,5,False,Winter,,False,True
2015-01-28,20150128,2015,1,Q1,1,January,Jan,2015-01,28,3,Wednesday,Wed,5,False,Winter,,False,True
2015-01-29,20150129,2015,1,Q1,1,January,Jan,2015-01,29,4,Thursday,Thu,5,False,Winter,,False,True
2015-01-30,20150130,2015,1,Q1,1,January,Jan,2015-01,30,5,Friday,Fri,5,False,Winter,,False,True
2015-01-31,20150131,2015,1,Q1,1,January,Jan,2015-01,31,6,Saturday,Sat,5,True,Winter,,False,True
2015-02-01,20150201,2015,1,Q1,2,February,Feb,2015-02,1,7,Sunday,Sun,5,True,Winter,,False,True
2015-02-02,20150202,2015,1,Q1,2,February,Feb,2015-02,2,1,Monday,Mon,6,False,Winter,,False,True
2015-02-03,20150203,2015,1,Q1,2,February,Feb,2015-02,3,2,Tuesday,Tue,6,False,Winter,,False,True
2015-02-04,20150204,2015,1,Q1,2,February,Feb,2015-02,4,3,Wednesday,Wed,6,False,Winter,,False,True
2015-02-05,20150205,2015,1,Q1,2,February,Feb,2015-02,5,4,Thursday,Thu,6,False,Winter,,False,True
2015-02-06,20150206,2015,1,Q1,2,February,Feb,2015-02,6,5,Friday,Fri,6,False,Winter,,False,True
2015-02-07,20150207,2015,1,Q1,2,February,Feb,2015-02,7,6,Saturday,Sat,6,True,Winter,,False,True
2015-02-08,20150208,2015,1,Q1,2,February,Feb,2015-02,8,7,Sunday,Sun,6,True,Winter,,False,True
2015-02-09,20150209,2015,1,Q1,2,February,Feb,2015-02,9,1,Monday,Mon,7,False,Winter,,False,True
2015-02-10,20150210,2015,1,Q1,2,February,Feb,2015-02,10,2,Tuesday,Tue,7,False,Winter,,False,True
2015-02-11,20150211,2015,1,Q1,2,February,Feb,2015-02,11,3,Wednesday,Wed,7,False,Winter,,False,True
2015-02-12,20150212,2015,1,Q1,2,February,Feb,2015-02,12,4,Thursday,Thu,7,False,Winter,Lincoln's Birthday,True,True
2015-02-13,20150213,2015,1,Q1,2,February,Feb,2015-02,13,5,Friday,Fri,7,False,Winter,,False,True
2015-02-14,20150214,2015,1,Q1,2,February,Feb,2015-02,14,6,Saturday,Sat,7,True,Winter,,False,True
2015-02-15,20150215,2015,1,Q1,2,February,Feb,2015-02,15,7,Sunday,Sun,7,True,Winter,,False,True
2015-02-16,20150216,2015,1,Q1,2,February,Feb,2015-02,16,1,Monday,Mon,8,False,Winter,Washington's Birthday,True,True
2015-02-17,20150217,2015,1,Q1,2,February,Feb,2015-02,17,2,Tuesday,Tue,8,False,Winter,,False,True
2015-02-18,20150218,2015,1,Q1,2,February,Feb,2015-02,18,3,Wednesday,Wed,8,False,Winter,,False,True
2015-02-19,20150219,2015,1,Q1,2,February,Feb,2015-02,19,4,Thursday,Thu,8,False,Winter,,False,True
2015-02-20,20150220,2015,1,Q1,2,February,Feb,2015-02,20,5,Friday,Fri,8,False,Winter,,False,True
2015-02-21,20150221,2015,1,Q1,2,February,Feb,2015-02,21,6,Saturday,Sat,8,True,Winter,,False,True
2015-02-22,20150222,2015,1,Q1,2,February,Feb,2015-02,22,7,Sunday,Sun,8,True,Winter,,False,True
2015-02-23,20150223,2015,1,Q1,2,February,Feb,2015-02,23,1,Monday,Mon,9,False,Winter,,False,True
2015-02-24,20150224,2015,1,Q1,2,February,Feb,2015-02,24,2,Tuesday,Tue,9,False,Winter,,False,True
2015-02-25,20150225,2015,1,Q1,2,February,Feb,2015-02,25,3,Wednesday,Wed,9,False,Winter,,False,True
2015-02-26,20150226,2015,1,Q1,2,February,Feb,2015-02,26,4,Thursday,Thu,9,False,Winter,,False,True
2015-02-27,20150227,2015,1,Q1,2,February,Feb,2015-02,27,5,Friday,Fri,9,False,Winter,,False,True
2015-02-28,20150228,2015,1,Q1,2,February,Feb,2015-02,28,6,Saturday,Sat,9,True,Winter,,False,True
2015-03-01,20150301,2015,1,Q1,3,March,Mar,2015-03,1,7,Sunday,Sun,9,True,Spring,,False,True
2015-03-02,20150302,2015,1,Q1,3,March,Mar,2015-03,2,1,Monday,Mon,10,False,Spring,,False,True
2015-03-03,20150303,2015,1,Q1,3,March,Mar,2015-03,3,2,Tuesday,Tue,10,False,Spring,,False,True
2015-03-04,20150304,2015,1,Q1,3,March,Mar,2015-03,4,3,Wednesday,Wed,10,False,Spring,,False,True
2015-03-05,20150305,2015,1,Q1,3,March,Mar,2015-03,5,4,Thursday,Thu,10,False,Spring,,False,True
2015-03-06,20150306,2015,1,Q1,3,March,Mar,2015-03,6,5,Friday,Fri,10,False,Spring,,False,True
2015-03-07,20150307,2015,1,Q1,3,March,Mar,2015-03,7,6,Saturday,Sat,10,True,Spring,,False,True
2015-03-08,20150308,2015,1,Q1,3,March,Mar,2015-03,8,7,Sunday,Sun,10,True,Spring,,False,True
2015-03-09,20150309,2015,1,Q1,3,March,Mar,2015-03,9,1,Monday,Mon,11,False,Spring,,False,True
2015-03-10,20150310,2015,1,Q1,3,March,Mar,2015-03,10,2,Tuesday,Tue,11,False,Spring,,False,True
2015-03-11,20150311,2015,1,Q1,3,March,Mar,2015-03,11,3,Wednesday,Wed,11,False,Spring,,False,True
2015-03-12,20150312,2015,1,Q1,3,March,Mar,2015-03,12,4,Thursday,Thu,11,False,Spring,,False,True
2015-03-13,20150313,2015,1,Q1,3,March,Mar,2015-03,13,5,Friday,Fri,11,False,Spring,,False,True
2015-03-14,20150314,2015,1,Q1,3,March,Mar,2015-03,14,6,Saturday,Sat,11,True,Spring,,False,True
2015-03-15,20150315,2015,1,Q1,3,March,Mar,2015-03,15,7,Sunday,Sun,11,True,Spring,,False,True
2015-03-16,20150316,2015,1,Q1,3,March,Mar,2015-03,16,1,Monday,Mon,12,False,Spring,,False,True
2015-03-17,20150317,2015,1,Q1,3,March,Mar,2015-03,17,2,Tuesday,Tue,12,False,Spring,,False,True
2015-03-18,20150318,2015,1,Q1,3,March,Mar,2015-03,18,3,Wednesday,Wed,12,False,Spring,,False,True
2015-03-19,20150319,2015,1,Q1,3,March,Mar,2015-03,19,4,Thursday,Thu,12,False,Spring,,False,True
2015-03-20,20150320,2015,1,Q1,3,March,Mar,2015-03,20,5,Friday,Fri,12,False,Spring,,False,True
2015-03-21,20150321,2015,1,Q1,3,March,Mar,2015-03,21,6,Saturday,Sat,12,True,Spring,,False,True
2015-03-22,20150322,2015,1,Q1,3,March,Mar,2015-03,22,7,Sunday,Sun,12,True,Spring,,False,True
2015-03-23,20150323,2015,1,Q1,3,March,Mar,2015-03,23,1,Monday,Mon,13,False,Spring,,False,True
2015-03-24,20150324,2015,1,Q1,3,March,Mar,2015-03,24,2,Tuesday,Tue,13,False,Spring,,False,True
2015-03-25,20150325,2015,1,Q1,3,March,Mar,2015-03,25,3,Wednesday,Wed,13,False,Spring,,False,True
2015-03-26,20150326,2015,1,Q1,3,March,Mar,2015-03,26,4,Thursday,Thu,13,False,Spring,,False,True
2015-03-27,20150327,2015,1,Q1,3,March,Mar,2015-03,27,5,Friday,Fri,13,False,Spring,,False,True
2015-03-28,20150328,2015,1,Q1,3,March,Mar,2015-03,28,6,Saturday,Sat,13,True,Spring,,False,True
2015-03-29,20150329,2015,1,Q1,3,March,Mar,2015-03,29,7,Sunday,Sun,13,True,Spring,,False,True
2015-03-30,20150330,2015,1,Q1,3,March,Mar,2015-03,30,1,Monday,Mon,14,False,Spring,,False,True
2015-03-31,20150331,2015,1,Q1,3,March,Mar,2015-03,31,2,Tuesday,Tue,14,False,Spring,,False,True
2015-04-01,20150401,2015,2,Q2,4,April,Apr,2015-04,1,3,Wednesday,Wed,14,False,Spring,,False,True
2015-04-02,20150402,2015,2,Q2,4,April,Apr,2015-04,2,4,Thursday,Thu,14,False,Spring,,False,True
2015-04-03,20150403,2015,2,Q2,4,April,Apr,2015-04,3,5,Friday,Fri,14,False,Spring,Good Friday,True,True
2015-04-04,20150404,2015,2,Q2,4,April,Apr,2015-04,4,6,Saturday,Sat,14,True,Spring,,False,True
2015-04-05,20150405,2015,2,Q2,4,April,Apr,2015-04,5,7,Sunday,Sun,14,True,Spring,,False,True
2015-04-06,20150406,2015,2,Q2,4,April,Apr,2015-04,6,1,Monday,Mon,15,False,Spring,,False,True
2015-04-07,20150407,2015,2,Q2,4,April,Apr,2015-04,7,2,Tuesday,Tue,15,False,Spring,,False,True
2015-04-08,20150408,2015,2,Q2,4,April,Apr,2015-04,8,3,Wednesday,Wed,15,False,Spring,,False,True
2015-04-09,20150409,2015,2,Q2,4,April,Apr,2015-04,9,4,Thursday,Thu,15,False,Spring,,False,True
2015-04-10,20150410,2015,2,Q2,4,April,Apr,2015-04,10,5,Friday,Fri,15,False,Spring,,False,True
2015-04-11,20150411,2015,2,Q2,4,April,Apr,2015-04,11,6,Saturday,Sat,15,True,Spring,,False,True
2015-04-12,20150412,2015,2,Q2,4,April,Apr,2015-04,12,7,Sunday,Sun,15,True,Spring,,False,True
2015-04-13,20150413,2015,2,Q2,4,April,Apr,2015-04,13,1,Monday,Mon,16,False,Spring,,False,True
2015-04-14,20150414,2015,2,Q2,4,April,Apr,2015-04,14,2,Tuesday,Tue,16,False,Spring,,False,True
2015-04-15,20150415,2015,2,Q2,4,April,Apr,2015-04,15,3,Wednesday,Wed,16,False,Spring,,False,True
2015-04-16,20150416,2015,2,Q2,4,April,Apr,2015-04,16,4,Thursday,Thu,16,False,Spring,,False,True
2015-04-17,20150417,2015,2,Q2,4,April,Apr,2015-04,17,5,Friday,Fri,16,False,Spring,,False,True
2015-04-18,20150418,2015,2,Q2,4,April,Apr,2015-04,18,6,Saturday,Sat,16,True,Spring,,False,True
2015-04-19,20150419,2015,2,Q2,4,April,Apr,2015-04,19,7,Sunday,Sun,16,True,Spring,,False,True
2015-04-20,20150420,2015,2,Q2,4,April,Apr,2015-04,20,1,Monday,Mon,17,False,Spring,,False,True
2015-04-21,20150421,2015,2,Q2,4,April,Apr,2015-04,21,2,Tuesday,Tue,17,False,Spring,,False,True
2015-04-22,20150422,2015,2,Q2,4,April,Apr,2015-04,22,3,Wednesday,Wed,17,False,Spring,,False,True
2015-04-23,20150423,2015,2,Q2,4,April,Apr,2015-04,23,4,Thursday,Thu,17,False,Spring,,False,True
2015-04-24,20150424,2015,2,Q2,4,April,Apr,2015-04,24,5,Friday,Fri,17,False,Spring,,False,True
2015-04-25,20150425,2015,2,Q2,4,April,Apr,2015-04,25,6,Saturday,Sat,17,True,Spring,,False,True
2015-04-26,20150426,2015,2,Q2,4,April,Apr,2015-04,26,7,Sunday,Sun,17,True,Spring,,False,True
2015-04-27,20150427,2015,2,Q2,4,April,Apr,2015-04,27,1,Monday,Mon,18,False,Spring,,False,True
2015-04-28,20150428,2015,2,Q2,4,April,Apr,2015-04,28,2,Tuesday,Tue,18,False,Spring,,False,True
2015-04-29,20150429,2015,2,Q2,4,April,Apr,2015-04,29,3,Wednesday,Wed,18,False,Spring,,False,True
2015-04-30,20150430,2015,2,Q2,4,April,Apr,2015-04,30,4,Thursday,Thu,18,False,Spring,,False,True
2015-05-01,20150501,2015,2,Q2,5,May,May,2015-05,1,5,Friday,Fri,18,False,Spring,,False,True
2015-05-02,20150502,2015,2,Q2,5,May,May,2015-05,2,6,Saturday,Sat,18,True,Spring,,False,True
2015-05-03,20150503,2015,2,Q2,5,May,May,2015-05,3,7,Sunday,Sun,18,True,Spring,,False,True
2015-05-04,20150504,2015,2,Q2,5,May,May,2015-05,4,1,Monday,Mon,19,False,Spring,,False,True
2015-05-05,20150505,2015,2,Q2,5,May,May,2015-05,5,2,Tuesday,Tue,19,False,Spring,,False,True
2015-05-06,20150506,2015,2,Q2,5,May,May,2015-05,6,3,Wednesday,Wed,19,False,Spring,,False,True
2015-05-07,20150507,2015,2,Q2,5,May,May,2015-05,7,4,Thursday,Thu,19,False,Spring,,False,True
2015-05-08,20150508,2015,2,Q2,5,May,May,2015-05,8,5,Friday,Fri,19,False,Spring,Truman Day,True,True
2015-05-09,20150509,2015,2,Q2,5,May,May,2015-05,9,6,Saturday,Sat,19,True,Spring,,False,True
2015-05-10,20150510,2015,2,Q2,5,May,May,2015-05,10,7,Sunday,Sun,19,True,Spring,,False,True
2015-05-11,20150511,2015,2,Q2,5,May,May,2015-05,11,1,Monday,Mon,20,False,Spring,,False,True
2015-05-12,20150512,2015,2,Q2,5,May,May,2015-05,12,2,Tuesday,Tue,20,False,Spring,,False,True
2015-05-13,20150513,2015,2,Q2,5,May,May,2015-05,13,3,Wednesday,Wed,20,False,Spring,,False,True
2015-05-14,20150514,2015,2,Q2,5,May,May,2015-05,14,4,Thursday,Thu,20,False,Spring,,False,True
2015-05-15,20150515,2015,2,Q2,5,May,May,2015-05,15,5,Friday,Fri,20,False,Spring,,False,True
2015-05-16,20150516,2015,2,Q2,5,May,May,2015-05,16,6,Saturday,Sat,20,True,Spring,,False,True
2015-05-17,20150517,2015,2,Q2,5,May,May,2015-05,17,7,Sunday,Sun,20,True,Spring,,False,True
2015-05-18,20150518,2015,2,Q2,5,May,May,2015-05,18,1,Monday,Mon,21,False,Spring,,False,True
2015-05-19,20150519,2015,2,Q2,5,May,May,2015-05,19,2,Tuesday,Tue,21,False,Spring,,False,True
2015-05-20,20150520,2015,2,Q2,5,May,May,2015-05,20,3,Wednesday,Wed,21,False,Spring,,False,True
2015-05-21,20150521,2015,2,Q2,5,May,May,2015-05,21,4,Thursday,Thu,21,False,Spring,,False,True
2015-05-22,20150522,2015,2,Q2,5,May,May,2015-05,22,5,Friday,Fri,21,False,Spring,,False,True
2015-05-23,20150523,2015,2,Q2,5,May,May,2015-05,23,6,Saturday,Sat,21,True,Spring,,False,True
2015-05-24,20150524,2015,2,Q2,5,May,May,2015-05,24,7,Sunday,Sun,21,True,Spring,,False,True
2015-05-25,20150525,2015,2,Q2,5,May,May,2015-05,25,1,Monday,Mon,22,False,Spring,Memorial Day,True,True
2015-05-26,20150526,2015,2,Q2,5,May,May,2015-05,26,2,Tuesday,Tue,22,False,Spring,,False,True
2015-05-27,20150527,2015,2,Q2,5,May,May,2015-05,27,3,Wednesday,Wed,22,False,Spring,,False,True
2015-05-28,20150528,2015,2,Q2,5,May,May,2015-05,28,4,Thursday,Thu,22,False,Spring,,False,True
2015-05-29,20150529,2015,2,Q2,5,May,May,2015-05,29,5,Friday,Fri,22,False,Spring,,False,True
2015-05-30,20150530,2015,2,Q2,5,May,May,2015-05,30,6,Saturday,Sat,22,True,Spring,,False,True
2015-05-31,20150531,2015,2,Q2,5,May,May,2015-05,31,7,Sunday,Sun,22,True,Spring,,False,True
2015-06-01,20150601,2015,2,Q2,6,June,Jun,2015-06,1,1,Monday,Mon,23,False,Summer,,False,True
2015-06-02,20150602,2015,2,Q2,6,June,Jun,2015-06,2,2,Tuesday,Tue,23,False,Summer,,False,True
2015-06-03,20150603,2015,2,Q2,6,June,Jun,2015-06,3,3,Wednesday,Wed,23,False,Summer,,False,True
2015-06-04,20150604,2015,2,Q2,6,June,Jun,2015-06,4,4,Thursday,Thu,23,False,Summer,,False,True
2015-06-05,20150605,2015,2,Q2,6,June,Jun,2015-06,5,5,Friday,Fri,23,False,Summer,,False,True
2015-06-06,20150606,2015,2,Q2,6,June,Jun,2015-06,6,6,Saturday,Sat,23,True,Summer,,False,True
2015-06-07,20150607,2015,2,Q2,6,June,Jun,2015-06,7,7,Sunday,Sun,23,True,Summer,,False,True
2015-06-08,20150608,2015,2,Q2,6,June,Jun,2015-06,8,1,Monday,Mon,24,False,Summer,,False,True
2015-06-09,20150609,2015,2,Q2,6,June,Jun,2015-06,9,2,Tuesday,Tue,24,False,Summer,,False,True
2015-06-10,20150610,2015,2,Q2,6,June,Jun,2015-06,10,3,Wednesday,Wed,24,False,Summer,,False,True
2015-06-11,20150611,2015,2,Q2,6,June,Jun,2015-06,11,4,Thursday,Thu,24,False,Summer,,False,True
2015-06-12,20150612,2015,2,Q2,6,June,Jun,2015-06,12,5,Friday,Fri,24,False,Summer,,False,True
2015-06-13,20150613,2015,2,Q2,6,June,Jun,2015-06,13,6,Saturday,Sat,24,True,Summer,,False,True
2015-06-14,20150614,2015,2,Q2,6,June,Jun,2015-06,14,7,Sunday,Sun,24,True,Summer,,False,True
2015-06-15,20150615,2015,2,Q2,6,June,Jun,2015-06,15,1,Monday,Mon,25,False,Summer,,False,True
2015-06-16,20150616,2015,2,Q2,6,June,Jun,2015-06,16,2,Tuesday,Tue,25,False,Summer,,False,True
2015-06-17,20150617,2015,2,Q2,6,June,Jun,2015-06,17,3,Wednesday,Wed,25,False,Summer,,False,True
2015-06-18,20150618,2015,2,Q2,6,June,Jun,2015-06,18,4,Thursday,Thu,25,False,Summer,,False,True
2015-06-19,20150619,2015,2,Q2,6,June,Jun,2015-06,19,5,Friday,Fri,25,False,Summer,,False,True
2015-06-20,20150620,2015,2,Q2,6,June,Jun,2015-06,20,6,Saturday,Sat,25,True,Summer,,False,True
2015-06-21,20150621,2015,2,Q2,6,June,Jun,2015-06,21,7,Sunday,Sun,25,True,Summer,,False,True
2015-06-22,20150622,2015,2,Q2,6,June,Jun,2015-06,22,1,Monday,Mon,26,False,Summer,,False,True
2015-06-23,20150623,2015,2,Q2,6,June,Jun,2015-06,23,2,Tuesday,Tue,26,False,Summer,,False,True
2015-06-24,20150624,2015,2,Q2,6,June,Jun,2015-06,24,3,Wednesday,Wed,26,False,Summer,,False,True
2015-06-25,20150625,2015,2,Q2,6,June,Jun,2015-06,25,4,Thursday,Thu,26,False,Summer,,False,True
2015-06-26,20150626,2015,2,Q2,6,June,Jun,2015-06,26,5,Friday,Fri,26,False,Summer,,False,True
2015-06-27,20150627,2015,2,Q2,6,June,Jun,2015-06,27,6,Saturday,Sat,26,True,Summer,,False,True
2015-06-28,20150628,2015,2,Q2,6,June,Jun,2015-06,28,7,Sunday,Sun,26,True,Summer,,False,True
2015-06-29,20150629,2015,2,Q2,6,June,Jun,2015-06,29,1,Monday,Mon,27,False,Summer,,False,True
2015-06-30,20150630,2015,2,Q2,6,June,Jun,2015-06,30,2,Tuesday,Tue,27,False,Summer,,False,True
2015-07-01,20150701,2015,3,Q3,7,July,Jul,2015-07,1,3,Wednesday,Wed,27,False,Summer,,False,True
2015-07-02,20150702,2015,3,Q3,7,July,Jul,2015-07,2,4,Thursday,Thu,27,False,Summer,,False,True
2015-07-03,20150703,2015,3,Q3,7,July,Jul,2015-07,3,5,Friday,Fri,27,False,Summer,Independence Day,True,True
2015-07-04,20150704,2015,3,Q3,7,July,Jul,2015-07,4,6,Saturday,Sat,27,True,Summer,,False,True
2015-07-05,20150705,2015,3,Q3,7,July,Jul,2015-07,5,7,Sunday,Sun,27,True,Summer,,False,True
2015-07-06,20150706,2015,3,Q3,7,July,Jul,2015-07,6,1,Monday,Mon,28,False,Summer,,False,True
2015-07-07,20150707,2015,3,Q3,7,July,Jul,2015-07,7,2,Tuesday,Tue,28,False,Summer,,False,True
2015-07-08,20150708,2015,3,Q3,7,July,Jul,2015-07,8,3,Wednesday,Wed,28,False,Summer,,False,True
2015-07-09,20150709,2015,3,Q3,7,July,Jul,2015-07,9,4,Thursday,Thu,28,False,Summer,,False,True
2015-07-10,20150710,2015,3,Q3,7,July,Jul,2015-07,10,5,Friday,Fri,28,False,Summer,,False,True
2015-07-11,20150711,2015,3,Q3,7,July,Jul,2015-07,11,6,Saturday,Sat,28,True,Summer,,False,True
2015-07-12,20150712,2015,3,Q3,7,July,Jul,2015-07,12,7,Sunday,Sun,28,True,Summer,,False,True
2015-07-13,20150713,2015,3,Q3,7,July,Jul,2015-07,13,1,Monday,Mon,29,False,Summer,,False,True
2015-07-14,20150714,2015,3,Q3,7,July,Jul,2015-07,14,2,Tuesday,Tue,29,False,Summer,,False,True
2015-07-15,20150715,2015,3,Q3,7,July,Jul,2015-07,15,3,Wednesday,Wed,29,False,Summer,,False,True
2015-07-16,20150716,2015,3,Q3,7,July,Jul,2015-07,16,4,Thursday,Thu,29,False,Summer,,False,True
2015-07-17,20150717,2015,3,Q3,7,July,Jul,2015-07,17,5,Friday,Fri,29,False,Summer,,False,True
2015-07-18,20150718,2015,3,Q3,7,July,Jul,2015-07,18,6,Saturday,Sat,29,True,Summer,,False,True
2015-07-19,20150719,2015,3,Q3,7,July,Jul,2015-07,19,7,Sunday,Sun,29,True,Summer,,False,True
2015-07-20,20150720,2015,3,Q3,7,July,Jul,2015-07,20,1,Monday,Mon,30,False,Summer,,False,True
2015-07-21,20150721,2015,3,Q3,7,July,Jul,2015-07,21,2,Tuesday,Tue,30,False,Summer,,False,True
2015-07-22,20150722,2015,3,Q3,7,July,Jul,2015-07,22,3,Wednesday,Wed,30,False,Summer,,False,True
2015-07-23,20150723,2015,3,Q3,7,July,Jul,2015-07,23,4,Thursday,Thu,30,False,Summer,,False,True
2015-07-24,20150724,2015,3,Q3,7,July,Jul,2015-07,24,5,Friday,Fri,30,False,Summer,,False,True
2015-07-25,20150725,2015,3,Q3,7,July,Jul,2015-07,25,6,Saturday,Sat,30,True,Summer,,False,True
2015-07-26,20150726,2015,3,Q3,7,July,Jul,2015-07,26,7,Sunday,Sun,30,True,Summer,,False,True
2015-07-27,20150727,2015,3,Q3,7,July,Jul,2015-07,27,1,Monday,Mon,31,False,Summer,,False,True
2015-07-28,20150728,2015,3,Q3,7,July,Jul,2015-07,28,2,Tuesday,Tue,31,False,Summer,,False,True
2015-07-29,20150729,2015,3,Q3,7,July,Jul,2015-07,29,3,Wednesday,Wed,31,False,Summer,,False,True
2015-07-30,20150730,2015,3,Q3,7,July,Jul,2015-07,30,4,Thursday,Thu,31,False,Summer,,False,True
2015-07-31,20150731,2015,3,Q3,7,July,Jul,2015-07,31,5,Friday,Fri,31,False,Summer,,False,True
2015-08-01,20150801,2015,3,Q3,8,August,Aug,2015-08,1,6,Saturday,Sat,31,True,Summer,,False,True
2015-08-02,20150802,2015,3,Q3,8,August,Aug,2015-08,2,7,Sunday,Sun,31,True,Summer,,False,True
2015-08-03,20150803,2015,3,Q3,8,August,Aug,2015-08,3,1,Monday,Mon,32,False,Summer,,False,True
2015-08-04,20150804,2015,3,Q3,8,August,Aug,2015-08,4,2,Tuesday,Tue,32,False,Summer,,False,True
2015-08-05,20150805,2015,3,Q3,8,August,Aug,2015-08,5,3,Wednesday,Wed,32,False,Summer,,False,True
2015-08-06,20150806,2015,3,Q3,8,August,Aug,2015-08,6,4,Thursday,Thu,32,False,Summer,,False,True
2015-08-07,20150807,2015,3,Q3,8,August,Aug,2015-08,7,5,Friday,Fri,32,False,Summer,,False,True
2015-08-08,20150808,2015,3,Q3,8,August,Aug,2015-08,8,6,Saturday,Sat,32,True,Summer,,False,True
2015-08-09,20150809,2015,3,Q3,8,August,Aug,2015-08,9,7,Sunday,Sun,32,True,Summer,,False,True
2015-08-10,20150810,2015,3,Q3,8,August,Aug,2015-08,10,1,Monday,Mon,33,False,Summer,,False,True
2015-08-11,20150811,2015,3,Q3,8,August,Aug,2015-08,11,2,Tuesday,Tue,33,False,Summer,,False,True
2015-08-12,20150812,2015,3,Q3,8,August,Aug,2015-08,12,3,Wednesday,Wed,33,False,Summer,,False,True
2015-08-13,20150813,2015,3,Q3,8,August,Aug,2015-08,13,4,Thursday,Thu,33,False,Summer,,False,True
2015-08-14,20150814,2015,3,Q3,8,August,Aug,2015-08,14,5,Friday,Fri,33,False,Summer,,False,True
2015-08-15,20150815,2015,3,Q3,8,August,Aug,2015-08,15,6,Saturday,Sat,33,True,Summer,,False,True
2015-08-16,20150816,2015,3,Q3,8,August,Aug,2015-08,16,7,Sunday,Sun,33,True,Summer,,False,True
2015-08-17,20150817,2015,3,Q3,8,August,Aug,2015-08,17,1,Monday,Mon,34,False,Summer,,False,True
2015-08-18,20150818,2015,3,Q3,8,August,Aug,2015-08,18,2,Tuesday,Tue,34,False,Summer,,False,True
2015-08-19,20150819,2015,3,Q3,8,August,Aug,2015-08,19,3,Wednesday,Wed,34,False,Summer,,False,True
2015-08-20,20150820,2015,3,Q3,8,August,Aug,2015-08,20,4,Thursday,Thu,34,False,Summer,,False,True
2015-08-21,20150821,2015,3,Q3,8,August,Aug,2015-08,21,5,Friday,Fri,34,False,Summer,,False,True
2015-08-22,20150822,2015,3,Q3,8,August,Aug,2015-08,22,6,Saturday,Sat,34,True,Summer,,False,True
2015-08-23,20150823,2015,3,Q3,8,August,Aug,2015-08,23,7,Sunday,Sun,34,True,Summer,,False,True
2015-08-24,20150824,2015,3,Q3,8,August,Aug,2015-08,24,1,Monday,Mon,35,False,Summer,,False,True
2015-08-25,20150825,2015,3,Q3,8,August,Aug,2015-08,25,2,Tuesday,Tue,35,False,Summer,,False,True
2015-08-26,20150826,2015,3,Q3,8,August,Aug,2015-08,26,3,Wednesday,Wed,35,False,Summer,,False,True
2015-08-27,20150827,2015,3,Q3,8,August,Aug,2015-08,27,4,Thursday,Thu,35,False,Summer,,False,True
2015-08-28,20150828,2015,3,Q3,8,August,Aug,2015-08,28,5,Friday,Fri,35,False,Summer,,False,True
2015-08-29,20150829,2015,3,Q3,8,August,Aug,2015-08,29,6,Saturday,Sat,35,True,Summer,,False,True
2015-08-30,20150830,2015,3,Q3,8,August,Aug,2015-08,30,7,Sunday,Sun,35,True,Summer,,False,True
2015-08-31,20150831,2015,3,Q3,8,August,Aug,2015-08,31,1,Monday,Mon,36,False,Summer,,False,True
2015-09-01,20150901,2015,3,Q3,9,September,Sep,2015-09,1,2,Tuesday,Tue,36,False,Fall,,False,True
2015-09-02,20150902,2015,3,Q3,9,September,Sep,2015-09,2,3,Wednesday,Wed,36,False,Fall,,False,True
2015-09-03,20150903,2015,3,Q3,9,September,Sep,2015-09,3,4,Thursday,Thu,36,False,Fall,,False,True
2015-09-04,20150904,2015,3,Q3,9,September,Sep,2015-09,4,5,Friday,Fri,36,False,Fall,,False,True
2015-09-05,20150905,2015,3,Q3,9,September,Sep,2015-09,5,6,Saturday,Sat,36,True,Fall,,False,True
2015-09-06,20150906,2015,3,Q3,9,September,Sep,2015-09,6,7,Sunday,Sun,36,True,Fall,,False,True
2015-09-07,20150907,2015,3,Q3,9,September,Sep,2015-09,7,1,Monday,Mon,37,False,Fall,Labor Day,True,True
2015-09-08,20150908,2015,3,Q3,9,September,Sep,2015-09,8,2,Tuesday,Tue,37,False,Fall,,False,True
2015-09-09,20150909,2015,3,Q3,9,September,Sep,2015-09,9,3,Wednesday,Wed,37,False,Fall,,False,True
2015-09-10,20150910,2015,3,Q3,9,September,Sep,2015-09,10,4,Thursday,Thu,37,False,Fall,,False,True
2015-09-11,20150911,2015,3,Q3,9,September,Sep,2015-09,11,5,Friday,Fri,37,False,Fall,,False,True
2015-09-12,20150912,2015,3,Q3,9,September,Sep,2015-09,12,6,Saturday,Sat,37,True,Fall,,False,True
2015-09-13,20150913,2015,3,Q3,9,September,Sep,2015-09,13,7,Sunday,Sun,37,True,Fall,,False,True
2015-09-14,20150914,2015,3,Q3,9,September,Sep,2015-09,14,1,Monday,Mon,38,False,Fall,,False,True
2015-09-15,20150915,2015,3,Q3,9,September,Sep,2015-09,15,2,Tuesday,Tue,38,False,Fall,,False,True
2015-09-16,20150916,2015,3,Q3,9,September,Sep,2015-09,16,3,Wednesday,Wed,38,False,Fall,,False,True
2015-09-17,20150917,2015,3,Q3,9,September,Sep,2015-09,17,4,Thursday,Thu,38,False,Fall,,False,True
2015-09-18,20150918,2015,3,Q3,9,September,Sep,2015-09,18,5,Friday,Fri,38,False,Fall,,False,True
2015-09-19,20150919,2015,3,Q3,9,September,Sep,2015-09,19,6,Saturday,Sat,38,True,Fall,,False,True
2015-09-20,20150920,2015,3,Q3,9,September,Sep,2015-09,20,7,Sunday,Sun,38,True,Fall,,False,True
2015-09-21,20150921,2015,3,Q3,9,September,Sep,2015-09,21,1,Monday,Mon,39,False,Fall,,False,True
2015-09-22,20150922,2015,3,Q3,9,September,Sep,2015-09,22,2,Tuesday,Tue,39,False,Fall,,False,True
2015-09-23,20150923,2015,3,Q3,9,September,Sep,2015-09,23,3,Wednesday,Wed,39,False,Fall,,False,True
2015-09-24,20150924,2015,3,Q3,9,September,Sep,2015-09,24,4,Thursday,Thu,39,False,Fall,,False,False
2015-09-25,20150925,2015,3,Q3,9,September,Sep,2015-09,25,5,Friday,Fri,39,False,Fall,,False,False
2015-09-26,20150926,2015,3,Q3,9,September,Sep,2015-09,26,6,Saturday,Sat,39,True,Fall,,False,True
2015-09-27,20150927,2015,3,Q3,9,September,Sep,2015-09,27,7,Sunday,Sun,39,True,Fall,,False,True
2015-09-28,20150928,2015,3,Q3,9,September,Sep,2015-09,28,1,Monday,Mon,40,False,Fall,,False,True
2015-09-29,20150929,2015,3,Q3,9,September,Sep,2015-09,29,2,Tuesday,Tue,40,False,Fall,,False,True
2015-09-30,20150930,2015,3,Q3,9,September,Sep,2015-09,30,3,Wednesday,Wed,40,False,Fall,,False,True
2015-10-01,20151001,2015,4,Q4,10,October,Oct,2015-10,1,4,Thursday,Thu,40,False,Fall,,False,True
2015-10-02,20151002,2015,4,Q4,10,October,Oct,2015-10,2,5,Friday,Fri,40,False,Fall,,False,True
2015-10-03,20151003,2015,4,Q4,10,October,Oct,2015-10,3,6,Saturday,Sat,40,True,Fall,,False,True
2015-10-04,20151004,2015,4,Q4,10,October,Oct,2015-10,4,7,Sunday,Sun,40,True,Fall,,False,True
2015-10-05,20151005,2015,4,Q4,10,October,Oct,2015-10,5,1,Monday,Mon,41,False,Fall,,False,False
2015-10-06,20151006,2015,4,Q4,10,October,Oct,2015-10,6,2,Tuesday,Tue,41,False,Fall,,False,True
2015-10-07,20151007,2015,4,Q4,10,October,Oct,2015-10,7,3,Wednesday,Wed,41,False,Fall,,False,True
2015-10-08,20151008,2015,4,Q4,10,October,Oct,2015-10,8,4,Thursday,Thu,41,False,Fall,,False,True
2015-10-09,20151009,2015,4,Q4,10,October,Oct,2015-10,9,5,Friday,Fri,41,False,Fall,,False,True
2015-10-10,20151010,2015,4,Q4,10,October,Oct,2015-10,10,6,Saturday,Sat,41,True,Fall,,False,True
2015-10-11,20151011,2015,4,Q4,10,October,Oct,2015-10,11,7,Sunday,Sun,41,True,Fall,,False,True
2015-10-12,20151012,2015,4,Q4,10,October,Oct,2015-10,12,1,Monday,Mon,42,False,Fall,Columbus Day,True,False
2015-10-13,20151013,2015,4,Q4,10,October,Oct,2015-10,13,2,Tuesday,Tue,42,False,Fall,,False,True
2015-10-14,20151014,2015,4,Q4,10,October,Oct,2015-10,14,3,Wednesday,Wed,42,False,Fall,,False,True
2015-10-15,20151015,2015,4,Q4,10,October,Oct,2015-10,15,4,Thursday,Thu,42,False,Fall,,False,True
2015-10-16,20151016,2015,4,Q4,10,October,Oct,2015-10,16,5,Friday,Fri,42,False,Fall,,False,True
2015-10-17,20151017,2015,4,Q4,10,October,Oct,2015-10,17,6,Saturday,Sat,42,True,Fall,,False,True
2015-10-18,20151018,2015,4,Q4,10,October,Oct,2015-10,18,7,Sunday,Sun,42,True,Fall,,False,True
2015-10-19,20151019,2015,4,Q4,10,October,Oct,2015-10,19,1,Monday,Mon,43,False,Fall,,False,False
2015-10-20,20151020,2015,4,Q4,10,October,Oct,2015-10,20,2,Tuesday,Tue,43,False,Fall,,False,True
2015-10-21,20151021,2015,4,Q4,10,October,Oct,2015-10,21,3,Wednesday,Wed,43,False,Fall,,False,True
2015-10-22,20151022,2015,4,Q4,10,October,Oct,2015-10,22,4,Thursday,Thu,43,False,Fall,,False,True
2015-10-23,20151023,2015,4,Q4,10,October,Oct,2015-10,23,5,Friday,Fri,43,False,Fall,,False,True
2015-10-24,20151024,2015,4,Q4,10,October,Oct,2015-10,24,6,Saturday,Sat,43,True,Fall,,False,True
2015-10-25,20151025,2015,4,Q4,10,October,Oct,2015-10,25,7,Sunday,Sun,43,True,Fall,,False,True
2015-10-26,20151026,2015,4,Q4,10,October,Oct,2015-10,26,1,Monday,Mon,44,False,Fall,,False,False
2015-10-27,20151027,2015,4,Q4,10,October,Oct,2015-10,27,2,Tuesday,Tue,44,False,Fall,,False,True
2015-10-28,20151028,2015,4,Q4,10,October,Oct,2015-10,28,3,Wednesday,Wed,44,False,Fall,,False,True
2015-10-29,20151029,2015,4,Q4,10,October,Oct,2015-10,29,4,Thursday,Thu,44,False,Fall,,False,True
2015-10-30,20151030,2015,4,Q4,10,October,Oct,2015-10,30,5,Friday,Fri,44,False,Fall,,False,True
2015-10-31,20151031,2015,4,Q4,10,October,Oct,2015-10,31,6,Saturday,Sat,44,True,Fall,,False,True
2015-11-01,20151101,2015,4,Q4,11,November,Nov,2015-11,1,7,Sunday,Sun,44,True,Fall,,False,True
2015-11-02,20151102,2015,4,Q4,11,November,Nov,2015-11,2,1,Monday,Mon,45,False,Fall,,False,True
2015-11-03,20151103,2015,4,Q4,11,November,Nov,2015-11,3,2,Tuesday,Tue,45,False,Fall,,False,True
2015-11-04,20151104,2015,4,Q4,11,November,Nov,2015-11,4,3,Wednesday,Wed,45,False,Fall,,False,True
2015-11-05,20151105,2015,4,Q4,11,November,Nov,2015-11,5,4,Thursday,Thu,45,False,Fall,,False,True
2015-11-06,20151106,2015,4,Q4,11,November,Nov,2015-11,6,5,Friday,Fri,45,False,Fall,,False,True
2015-11-07,20151107,2015,4,Q4,11,November,Nov,2015-11,7,6,Saturday,Sat,45,True,Fall,,False,True
2015-11-08,20151108,2015,4,Q4,11,November,Nov,2015-11,8,7,Sunday,Sun,45,True,Fall,,False,True
2015-11-09,20151109,2015,4,Q4,11,November,Nov,2015-11,9,1,Monday,Mon,46,False,Fall,,False,True
2015-11-10,20151110,2015,4,Q4,11,November,Nov,2015-11,10,2,Tuesday,Tue,46,False,Fall,,False,True
2015-11-11,20151111,2015,4,Q4,11,November,Nov,2015-11,11,3,Wednesday,Wed,46,False,Fall,Veterans Day,True,True
2015-11-12,20151112,2015,4,Q4,11,November,Nov,2015-11,12,4,Thursday,Thu,46,False,Fall,,False,True
2015-11-13,20151113,2015,4,Q4,11,November,Nov,2015-11,13,5,Friday,Fri,46,False,Fall,,False,True
2015-11-14,20151114,2015,4,Q4,11,November,Nov,2015-11,14,6,Saturday,Sat,46,True,Fall,,False,True
2015-11-15,20151115,2015,4,Q4,11,November,Nov,2015-11,15,7,Sunday,Sun,46,True,Fall,,False,True
2015-11-16,20151116,2015,4,Q4,11,November,Nov,2015-11,16,1,Monday,Mon,47,False,Fall,,False,True
2015-11-17,20151117,2015,4,Q4,11,November,Nov,2015-11,17,2,Tuesday,Tue,47,False,Fall,,False,True
2015-11-18,20151118,2015,4,Q4,11,November,Nov,2015-11,18,3,Wednesday,Wed,47,False,Fall,,False,True
2015-11-19,20151119,2015,4,Q4,11,November,Nov,2015-11,19,4,Thursday,Thu,47,False,Fall,,False,True
2015-11-20,20151120,2015,4,Q4,11,November,Nov,2015-11,20,5,Friday,Fri,47,False,Fall,,False,True
2015-11-21,20151121,2015,4,Q4,11,November,Nov,2015-11,21,6,Saturday,Sat,47,True,Fall,,False,True
2015-11-22,20151122,2015,4,Q4,11,November,Nov,2015-11,22,7,Sunday,Sun,47,True,Fall,,False,True
2015-11-23,20151123,2015,4,Q4,11,November,Nov,2015-11,23,1,Monday,Mon,48,False,Fall,,False,True
2015-11-24,20151124,2015,4,Q4,11,November,Nov,2015-11,24,2,Tuesday,Tue,48,False,Fall,,False,True
2015-11-25,20151125,2015,4,Q4,11,November,Nov,2015-11,25,3,Wednesday,Wed,48,False,Fall,,False,True
2015-11-26,20151126,2015,4,Q4,11,November,Nov,2015-11,26,4,Thursday,Thu,48,False,Fall,Thanksgiving Day,True,True
2015-11-27,20151127,2015,4,Q4,11,November,Nov,2015-11,27,5,Friday,Fri,48,False,Fall,,False,True
2015-11-28,20151128,2015,4,Q4,11,November,Nov,2015-11,28,6,Saturday,Sat,48,True,Fall,,False,True
2015-11-29,20151129,2015,4,Q4,11,November,Nov,2015-11,29,7,Sunday,Sun,48,True,Fall,,False,True
2015-11-30,20151130,2015,4,Q4,11,November,Nov,2015-11,30,1,Monday,Mon,49,False,Fall,,False,True
2015-12-01,20151201,2015,4,Q4,12,December,Dec,2015-12,1,2,Tuesday,Tue,49,False,Winter,,False,True
2015-12-02,20151202,2015,4,Q4,12,December,Dec,2015-12,2,3,Wednesday,Wed,49,False,Winter,,False,True
2015-12-03,20151203,2015,4,Q4,12,December,Dec,2015-12,3,4,Thursday,Thu,49,False,Winter,,False,True
2015-12-04,20151204,2015,4,Q4,12,December,Dec,2015-12,4,5,Friday,Fri,49,False,Winter,,False,True
2015-12-05,20151205,2015,4,Q4,12,December,Dec,2015-12,5,6,Saturday,Sat,49,True,Winter,,False,True
2015-12-06,20151206,2015,4,Q4,12,December,Dec,2015-12,6,7,Sunday,Sun,49,True,Winter,,False,True
2015-12-07,20151207,2015,4,Q4,12,December,Dec,2015-12,7,1,Monday,Mon,50,False,Winter,,False,True
2015-12-08,20151208,2015,4,Q4,12,December,Dec,2015-12,8,2,Tuesday,Tue,50,False,Winter,,False,True
2015-12-09,20151209,2015,4,Q4,12,December,Dec,2015-12,9,3,Wednesday,Wed,50,False,Winter,,False,True
2015-12-10,20151210,2015,4,Q4,12,December,Dec,2015-12,10,4,Thursday,Thu,50,False,Winter,,False,True
2015-12-11,20151211,2015,4,Q4,12,December,Dec,2015-12,11,5,Friday,Fri,50,False,Winter,,False,True
2015-12-12,20151212,2015,4,Q4,12,December,Dec,2015-12,12,6,Saturday,Sat,50,True,Winter,,False,True
2015-12-13,20151213,2015,4,Q4,12,December,Dec,2015-12,13,7,Sunday,Sun,50,True,Winter,,False,True
2015-12-14,20151214,2015,4,Q4,12,December,Dec,2015-12,14,1,Monday,Mon,51,False,Winter,,False,True
2015-12-15,20151215,2015,4,Q4,12,December,Dec,2015-12,15,2,Tuesday,Tue,51,False,Winter,,False,True
2015-12-16,20151216,2015,4,Q4,12,December,Dec,2015-12,16,3,Wednesday,Wed,51,False,Winter,,False,True
2015-12-17,20151217,2015,4,Q4,12,December,Dec,2015-12,17,4,Thursday,Thu,51,False,Winter,,False,True
2015-12-18,20151218,2015,4,Q4,12,December,Dec,2015-12,18,5,Friday,Fri,51,False,Winter,,False,True
2015-12-19,20151219,2015,4,Q4,12,December,Dec,2015-12,19,6,Saturday,Sat,51,True,Winter,,False,True
2015-12-20,20151220,2015,4,Q4,12,December,Dec,2015-12,20,7,Sunday,Sun,51,True,Winter,,False,True
2015-12-21,20151221,2015,4,Q4,12,December,Dec,2015-12,21,1,Monday,Mon,52,False,Winter,,False,True
2015-12-22,20151222,2015,4,Q4,12,December,Dec,2015-12,22,2,Tuesday,Tue,52,False,Winter,,False,True
2015-12-23,20151223,2015,4,Q4,12,December,Dec,2015-12,23,3,Wednesday,Wed,52,False,Winter,,False,True
2015-12-24,20151224,2015,4,Q4,12,December,Dec,2015-12,24,4,Thursday,Thu,52,False,Winter,,False,True
2015-12-25,20151225,2015,4,Q4,12,December,Dec,2015-12,25,5,Friday,Fri,52,False,Winter,Christmas Day,True,False
2015-12-26,20151226,2015,4,Q4,12,December,Dec,2015-12,26,6,Saturday,Sat,52,True,Winter,,False,True
2015-12-27,20151227,2015,4,Q4,12,December,Dec,2015-12,27,7,Sunday,Sun,52,True,Winter,,False,True
2015-12-28,20151228,2015,4,Q4,12,December,Dec,2015-12,28,1,Monday,Mon,53,False,Winter,,False,True
2015-12-29,20151229,2015,4,Q4,12,December,Dec,2015-12,29,2,Tuesday,Tue,53,False,Winter,,False,True
2015-12-30,20151230,2015,4,Q4,12,December,Dec,2015-12,30,3,Wednesday,Wed,53,False,Winter,,False,True
2015-12-31,20151231,2015,4,Q4,12,December,Dec,2015-12,31,4,Thursday,Thu,53,False,Winter,,False,True
